{
    "bb2d": {
        "type": "ASSET_SPR_SHEET",
        "version": {
            "major": 0,
            "minor": 2
        }
    },
	"data": {
		"size": { 
			"width": 6, 
			"height": 1 
		},
		"start": {
			"x": 0,
			"y": 0
		},
		"end": {
			"x": 5,
			"y": 0
		},
		"frameSize": {
			"width": 32,
			"height": 32
		},
		"direction": {
			"x": 1,
			"y": 0
		},
		"texture": "ammo-depot-strip",
		"absolutePath": "res/tex/planes/ammo-depot-strip.png",
		"id": "ammo-strip-glow",
		"fps": 60
	}
}